cohort	condition_value	condition_label	metric	bin_left_log10	bin_right_log10	count	n_total
technical_replicate	1.0	replicate 1	footprint_size	2.0	2.023933579841677	103	11043
technical_replicate	1.0	replicate 1	footprint_size	2.023933579841677	2.0478671596833538	106	11043
technical_replicate	1.0	replicate 1	footprint_size	2.0478671596833538	2.0718007395250306	115	11043
technical_replicate	1.0	replicate 1	footprint_size	2.0718007395250306	2.0957343193667075	125	11043
technical_replicate	1.0	replicate 1	footprint_size	2.0957343193667075	2.1196678992083844	121	11043
technical_replicate	1.0	replicate 1	footprint_size	2.1196678992083844	2.1436014790500613	107	11043
technical_replicate	1.0	replicate 1	footprint_size	2.1436014790500613	2.167535058891738	109	11043
technical_replicate	1.0	replicate 1	footprint_size	2.167535058891738	2.191468638733415	109	11043
technical_replicate	1.0	replicate 1	footprint_size	2.191468638733415	2.215402218575092	116	11043
technical_replicate	1.0	replicate 1	footprint_size	2.215402218575092	2.2393357984167688	118	11043
technical_replicate	1.0	replicate 1	footprint_size	2.2393357984167688	2.2632693782584457	125	11043
technical_replicate	1.0	replicate 1	footprint_size	2.2632693782584457	2.2872029581001225	133	11043
technical_replicate	1.0	replicate 1	footprint_size	2.2872029581001225	2.3111365379418	128	11043
technical_replicate	1.0	replicate 1	footprint_size	2.3111365379418	2.3350701177834763	138	11043
technical_replicate	1.0	replicate 1	footprint_size	2.3350701177834763	2.3590036976251536	119	11043
technical_replicate	1.0	replicate 1	footprint_size	2.3590036976251536	2.3829372774668305	122	11043
technical_replicate	1.0	replicate 1	footprint_size	2.3829372774668305	2.4068708573085074	118	11043
technical_replicate	1.0	replicate 1	footprint_size	2.4068708573085074	2.4308044371501842	122	11043
technical_replicate	1.0	replicate 1	footprint_size	2.4308044371501842	2.454738016991861	118	11043
technical_replicate	1.0	replicate 1	footprint_size	2.454738016991861	2.478671596833538	154	11043
technical_replicate	1.0	replicate 1	footprint_size	2.478671596833538	2.502605176675215	127	11043
technical_replicate	1.0	replicate 1	footprint_size	2.502605176675215	2.5265387565168917	135	11043
technical_replicate	1.0	replicate 1	footprint_size	2.5265387565168917	2.5504723363585686	129	11043
technical_replicate	1.0	replicate 1	footprint_size	2.5504723363585686	2.5744059162002455	141	11043
technical_replicate	1.0	replicate 1	footprint_size	2.5744059162002455	2.5983394960419224	127	11043
technical_replicate	1.0	replicate 1	footprint_size	2.5983394960419224	2.6222730758835993	151	11043
technical_replicate	1.0	replicate 1	footprint_size	2.6222730758835993	2.646206655725276	142	11043
technical_replicate	1.0	replicate 1	footprint_size	2.646206655725276	2.670140235566953	138	11043
technical_replicate	1.0	replicate 1	footprint_size	2.670140235566953	2.69407381540863	161	11043
technical_replicate	1.0	replicate 1	footprint_size	2.69407381540863	2.7180073952503068	159	11043
technical_replicate	1.0	replicate 1	footprint_size	2.7180073952503068	2.7419409750919836	156	11043
technical_replicate	1.0	replicate 1	footprint_size	2.7419409750919836	2.7658745549336605	132	11043
technical_replicate	1.0	replicate 1	footprint_size	2.7658745549336605	2.7898081347753374	136	11043
technical_replicate	1.0	replicate 1	footprint_size	2.7898081347753374	2.8137417146170143	139	11043
technical_replicate	1.0	replicate 1	footprint_size	2.8137417146170143	2.837675294458691	151	11043
technical_replicate	1.0	replicate 1	footprint_size	2.837675294458691	2.8616088743003685	152	11043
technical_replicate	1.0	replicate 1	footprint_size	2.8616088743003685	2.885542454142045	134	11043
technical_replicate	1.0	replicate 1	footprint_size	2.885542454142045	2.9094760339837222	135	11043
technical_replicate	1.0	replicate 1	footprint_size	2.9094760339837222	2.9334096138253987	140	11043
technical_replicate	1.0	replicate 1	footprint_size	2.9334096138253987	2.957343193667076	138	11043
technical_replicate	1.0	replicate 1	footprint_size	2.957343193667076	2.9812767735087524	123	11043
technical_replicate	1.0	replicate 1	footprint_size	2.9812767735087524	3.0052103533504297	136	11043
technical_replicate	1.0	replicate 1	footprint_size	3.0052103533504297	3.029143933192106	143	11043
technical_replicate	1.0	replicate 1	footprint_size	3.029143933192106	3.0530775130337835	157	11043
technical_replicate	1.0	replicate 1	footprint_size	3.0530775130337835	3.0770110928754604	150	11043
technical_replicate	1.0	replicate 1	footprint_size	3.0770110928754604	3.1009446727171373	143	11043
technical_replicate	1.0	replicate 1	footprint_size	3.1009446727171373	3.124878252558814	124	11043
technical_replicate	1.0	replicate 1	footprint_size	3.124878252558814	3.148811832400491	106	11043
technical_replicate	1.0	replicate 1	footprint_size	3.148811832400491	3.172745412242168	152	11043
technical_replicate	1.0	replicate 1	footprint_size	3.172745412242168	3.1966789920838448	117	11043
technical_replicate	1.0	replicate 1	footprint_size	3.1966789920838448	3.2206125719255216	139	11043
technical_replicate	1.0	replicate 1	footprint_size	3.2206125719255216	3.2445461517671985	131	11043
technical_replicate	1.0	replicate 1	footprint_size	3.2445461517671985	3.2684797316088754	117	11043
technical_replicate	1.0	replicate 1	footprint_size	3.2684797316088754	3.2924133114505523	132	11043
technical_replicate	1.0	replicate 1	footprint_size	3.2924133114505523	3.316346891292229	122	11043
technical_replicate	1.0	replicate 1	footprint_size	3.316346891292229	3.340280471133906	104	11043
technical_replicate	1.0	replicate 1	footprint_size	3.340280471133906	3.364214050975583	97	11043
technical_replicate	1.0	replicate 1	footprint_size	3.364214050975583	3.38814763081726	100	11043
technical_replicate	1.0	replicate 1	footprint_size	3.38814763081726	3.412081210658937	115	11043
technical_replicate	1.0	replicate 1	footprint_size	3.412081210658937	3.4360147905006135	105	11043
technical_replicate	1.0	replicate 1	footprint_size	3.4360147905006135	3.459948370342291	101	11043
technical_replicate	1.0	replicate 1	footprint_size	3.459948370342291	3.4838819501839673	98	11043
technical_replicate	1.0	replicate 1	footprint_size	3.4838819501839673	3.5078155300256446	108	11043
technical_replicate	1.0	replicate 1	footprint_size	3.5078155300256446	3.531749109867321	92	11043
technical_replicate	1.0	replicate 1	footprint_size	3.531749109867321	3.5556826897089984	88	11043
technical_replicate	1.0	replicate 1	footprint_size	3.5556826897089984	3.579616269550675	85	11043
technical_replicate	1.0	replicate 1	footprint_size	3.579616269550675	3.603549849392352	81	11043
technical_replicate	1.0	replicate 1	footprint_size	3.603549849392352	3.6274834292340286	101	11043
technical_replicate	1.0	replicate 1	footprint_size	3.6274834292340286	3.651417009075706	92	11043
technical_replicate	1.0	replicate 1	footprint_size	3.651417009075706	3.6753505889173823	87	11043
technical_replicate	1.0	replicate 1	footprint_size	3.6753505889173823	3.6992841687590596	78	11043
technical_replicate	1.0	replicate 1	footprint_size	3.6992841687590596	3.7232177486007365	133	11043
technical_replicate	1.0	replicate 1	footprint_size	3.7232177486007365	3.7471513284424134	163	11043
technical_replicate	1.0	replicate 1	footprint_size	3.7471513284424134	3.7710849082840903	147	11043
technical_replicate	1.0	replicate 1	footprint_size	3.7710849082840903	3.795018488125767	147	11043
technical_replicate	1.0	replicate 1	footprint_size	3.795018488125767	3.818952067967444	133	11043
technical_replicate	1.0	replicate 1	footprint_size	3.818952067967444	3.842885647809121	138	11043
technical_replicate	1.0	replicate 1	footprint_size	3.842885647809121	3.8668192276507978	139	11043
technical_replicate	1.0	replicate 1	footprint_size	3.8668192276507978	3.8907528074924747	127	11043
technical_replicate	1.0	replicate 1	footprint_size	3.8907528074924747	3.9146863873341515	108	11043
technical_replicate	1.0	replicate 1	footprint_size	3.9146863873341515	3.9386199671758284	103	11043
technical_replicate	1.0	replicate 1	footprint_size	3.9386199671758284	3.9625535470175053	101	11043
technical_replicate	1.0	replicate 1	footprint_size	3.9625535470175053	3.986487126859182	95	11043
technical_replicate	1.0	replicate 1	footprint_size	3.986487126859182	4.0104207067008595	107	11043
technical_replicate	1.0	replicate 1	footprint_size	4.0104207067008595	4.034354286542536	84	11043
technical_replicate	1.0	replicate 1	footprint_size	4.034354286542536	4.058287866384212	82	11043
technical_replicate	1.0	replicate 1	footprint_size	4.058287866384212	4.08222144622589	65	11043
technical_replicate	1.0	replicate 1	footprint_size	4.08222144622589	4.106155026067567	53	11043
technical_replicate	1.0	replicate 1	footprint_size	4.106155026067567	4.130088605909243	60	11043
technical_replicate	1.0	replicate 1	footprint_size	4.130088605909243	4.154022185750921	56	11043
technical_replicate	1.0	replicate 1	footprint_size	4.154022185750921	4.177955765592598	38	11043
technical_replicate	1.0	replicate 1	footprint_size	4.177955765592598	4.2018893454342745	32	11043
technical_replicate	1.0	replicate 1	footprint_size	4.2018893454342745	4.225822925275951	39	11043
technical_replicate	1.0	replicate 1	footprint_size	4.225822925275951	4.249756505117628	30	11043
technical_replicate	1.0	replicate 1	footprint_size	4.249756505117628	4.273690084959306	36	11043
technical_replicate	1.0	replicate 1	footprint_size	4.273690084959306	4.297623664800982	17	11043
technical_replicate	1.0	replicate 1	footprint_size	4.297623664800982	4.3215572446426584	13	11043
technical_replicate	1.0	replicate 1	footprint_size	4.3215572446426584	4.345490824484336	8	11043
technical_replicate	1.0	replicate 1	footprint_size	4.345490824484336	4.369424404326013	7	11043
technical_replicate	1.0	replicate 1	footprint_size	4.369424404326013	4.3933579841676895	9	11043
technical_replicate	2.0	replicate 2	footprint_size	2.0	2.023933579841677	96	10657
technical_replicate	2.0	replicate 2	footprint_size	2.023933579841677	2.0478671596833538	116	10657
technical_replicate	2.0	replicate 2	footprint_size	2.0478671596833538	2.0718007395250306	105	10657
technical_replicate	2.0	replicate 2	footprint_size	2.0718007395250306	2.0957343193667075	117	10657
technical_replicate	2.0	replicate 2	footprint_size	2.0957343193667075	2.1196678992083844	94	10657
technical_replicate	2.0	replicate 2	footprint_size	2.1196678992083844	2.1436014790500613	101	10657
technical_replicate	2.0	replicate 2	footprint_size	2.1436014790500613	2.167535058891738	104	10657
technical_replicate	2.0	replicate 2	footprint_size	2.167535058891738	2.191468638733415	108	10657
technical_replicate	2.0	replicate 2	footprint_size	2.191468638733415	2.215402218575092	115	10657
technical_replicate	2.0	replicate 2	footprint_size	2.215402218575092	2.2393357984167688	93	10657
technical_replicate	2.0	replicate 2	footprint_size	2.2393357984167688	2.2632693782584457	119	10657
technical_replicate	2.0	replicate 2	footprint_size	2.2632693782584457	2.2872029581001225	108	10657
technical_replicate	2.0	replicate 2	footprint_size	2.2872029581001225	2.3111365379418	119	10657
technical_replicate	2.0	replicate 2	footprint_size	2.3111365379418	2.3350701177834763	128	10657
technical_replicate	2.0	replicate 2	footprint_size	2.3350701177834763	2.3590036976251536	108	10657
technical_replicate	2.0	replicate 2	footprint_size	2.3590036976251536	2.3829372774668305	122	10657
technical_replicate	2.0	replicate 2	footprint_size	2.3829372774668305	2.4068708573085074	111	10657
technical_replicate	2.0	replicate 2	footprint_size	2.4068708573085074	2.4308044371501842	125	10657
technical_replicate	2.0	replicate 2	footprint_size	2.4308044371501842	2.454738016991861	113	10657
technical_replicate	2.0	replicate 2	footprint_size	2.454738016991861	2.478671596833538	131	10657
technical_replicate	2.0	replicate 2	footprint_size	2.478671596833538	2.502605176675215	135	10657
technical_replicate	2.0	replicate 2	footprint_size	2.502605176675215	2.5265387565168917	118	10657
technical_replicate	2.0	replicate 2	footprint_size	2.5265387565168917	2.5504723363585686	117	10657
technical_replicate	2.0	replicate 2	footprint_size	2.5504723363585686	2.5744059162002455	142	10657
technical_replicate	2.0	replicate 2	footprint_size	2.5744059162002455	2.5983394960419224	125	10657
technical_replicate	2.0	replicate 2	footprint_size	2.5983394960419224	2.6222730758835993	156	10657
technical_replicate	2.0	replicate 2	footprint_size	2.6222730758835993	2.646206655725276	118	10657
technical_replicate	2.0	replicate 2	footprint_size	2.646206655725276	2.670140235566953	141	10657
technical_replicate	2.0	replicate 2	footprint_size	2.670140235566953	2.69407381540863	138	10657
technical_replicate	2.0	replicate 2	footprint_size	2.69407381540863	2.7180073952503068	139	10657
technical_replicate	2.0	replicate 2	footprint_size	2.7180073952503068	2.7419409750919836	131	10657
technical_replicate	2.0	replicate 2	footprint_size	2.7419409750919836	2.7658745549336605	132	10657
technical_replicate	2.0	replicate 2	footprint_size	2.7658745549336605	2.7898081347753374	124	10657
technical_replicate	2.0	replicate 2	footprint_size	2.7898081347753374	2.8137417146170143	152	10657
technical_replicate	2.0	replicate 2	footprint_size	2.8137417146170143	2.837675294458691	159	10657
technical_replicate	2.0	replicate 2	footprint_size	2.837675294458691	2.8616088743003685	145	10657
technical_replicate	2.0	replicate 2	footprint_size	2.8616088743003685	2.885542454142045	144	10657
technical_replicate	2.0	replicate 2	footprint_size	2.885542454142045	2.9094760339837222	133	10657
technical_replicate	2.0	replicate 2	footprint_size	2.9094760339837222	2.9334096138253987	139	10657
technical_replicate	2.0	replicate 2	footprint_size	2.9334096138253987	2.957343193667076	135	10657
technical_replicate	2.0	replicate 2	footprint_size	2.957343193667076	2.9812767735087524	141	10657
technical_replicate	2.0	replicate 2	footprint_size	2.9812767735087524	3.0052103533504297	143	10657
technical_replicate	2.0	replicate 2	footprint_size	3.0052103533504297	3.029143933192106	127	10657
technical_replicate	2.0	replicate 2	footprint_size	3.029143933192106	3.0530775130337835	127	10657
technical_replicate	2.0	replicate 2	footprint_size	3.0530775130337835	3.0770110928754604	115	10657
technical_replicate	2.0	replicate 2	footprint_size	3.0770110928754604	3.1009446727171373	118	10657
technical_replicate	2.0	replicate 2	footprint_size	3.1009446727171373	3.124878252558814	144	10657
technical_replicate	2.0	replicate 2	footprint_size	3.124878252558814	3.148811832400491	116	10657
technical_replicate	2.0	replicate 2	footprint_size	3.148811832400491	3.172745412242168	109	10657
technical_replicate	2.0	replicate 2	footprint_size	3.172745412242168	3.1966789920838448	134	10657
technical_replicate	2.0	replicate 2	footprint_size	3.1966789920838448	3.2206125719255216	109	10657
technical_replicate	2.0	replicate 2	footprint_size	3.2206125719255216	3.2445461517671985	128	10657
technical_replicate	2.0	replicate 2	footprint_size	3.2445461517671985	3.2684797316088754	124	10657
technical_replicate	2.0	replicate 2	footprint_size	3.2684797316088754	3.2924133114505523	119	10657
technical_replicate	2.0	replicate 2	footprint_size	3.2924133114505523	3.316346891292229	102	10657
technical_replicate	2.0	replicate 2	footprint_size	3.316346891292229	3.340280471133906	104	10657
technical_replicate	2.0	replicate 2	footprint_size	3.340280471133906	3.364214050975583	105	10657
technical_replicate	2.0	replicate 2	footprint_size	3.364214050975583	3.38814763081726	108	10657
technical_replicate	2.0	replicate 2	footprint_size	3.38814763081726	3.412081210658937	106	10657
technical_replicate	2.0	replicate 2	footprint_size	3.412081210658937	3.4360147905006135	105	10657
technical_replicate	2.0	replicate 2	footprint_size	3.4360147905006135	3.459948370342291	127	10657
technical_replicate	2.0	replicate 2	footprint_size	3.459948370342291	3.4838819501839673	98	10657
technical_replicate	2.0	replicate 2	footprint_size	3.4838819501839673	3.5078155300256446	91	10657
technical_replicate	2.0	replicate 2	footprint_size	3.5078155300256446	3.531749109867321	97	10657
technical_replicate	2.0	replicate 2	footprint_size	3.531749109867321	3.5556826897089984	91	10657
technical_replicate	2.0	replicate 2	footprint_size	3.5556826897089984	3.579616269550675	85	10657
technical_replicate	2.0	replicate 2	footprint_size	3.579616269550675	3.603549849392352	102	10657
technical_replicate	2.0	replicate 2	footprint_size	3.603549849392352	3.6274834292340286	92	10657
technical_replicate	2.0	replicate 2	footprint_size	3.6274834292340286	3.651417009075706	92	10657
technical_replicate	2.0	replicate 2	footprint_size	3.651417009075706	3.6753505889173823	74	10657
technical_replicate	2.0	replicate 2	footprint_size	3.6753505889173823	3.6992841687590596	86	10657
technical_replicate	2.0	replicate 2	footprint_size	3.6992841687590596	3.7232177486007365	128	10657
technical_replicate	2.0	replicate 2	footprint_size	3.7232177486007365	3.7471513284424134	157	10657
technical_replicate	2.0	replicate 2	footprint_size	3.7471513284424134	3.7710849082840903	140	10657
technical_replicate	2.0	replicate 2	footprint_size	3.7710849082840903	3.795018488125767	139	10657
technical_replicate	2.0	replicate 2	footprint_size	3.795018488125767	3.818952067967444	145	10657
technical_replicate	2.0	replicate 2	footprint_size	3.818952067967444	3.842885647809121	124	10657
technical_replicate	2.0	replicate 2	footprint_size	3.842885647809121	3.8668192276507978	131	10657
technical_replicate	2.0	replicate 2	footprint_size	3.8668192276507978	3.8907528074924747	132	10657
technical_replicate	2.0	replicate 2	footprint_size	3.8907528074924747	3.9146863873341515	125	10657
technical_replicate	2.0	replicate 2	footprint_size	3.9146863873341515	3.9386199671758284	116	10657
technical_replicate	2.0	replicate 2	footprint_size	3.9386199671758284	3.9625535470175053	121	10657
technical_replicate	2.0	replicate 2	footprint_size	3.9625535470175053	3.986487126859182	101	10657
technical_replicate	2.0	replicate 2	footprint_size	3.986487126859182	4.0104207067008595	98	10657
technical_replicate	2.0	replicate 2	footprint_size	4.0104207067008595	4.034354286542536	84	10657
technical_replicate	2.0	replicate 2	footprint_size	4.034354286542536	4.058287866384212	78	10657
technical_replicate	2.0	replicate 2	footprint_size	4.058287866384212	4.08222144622589	84	10657
technical_replicate	2.0	replicate 2	footprint_size	4.08222144622589	4.106155026067567	69	10657
technical_replicate	2.0	replicate 2	footprint_size	4.106155026067567	4.130088605909243	64	10657
technical_replicate	2.0	replicate 2	footprint_size	4.130088605909243	4.154022185750921	44	10657
technical_replicate	2.0	replicate 2	footprint_size	4.154022185750921	4.177955765592598	39	10657
technical_replicate	2.0	replicate 2	footprint_size	4.177955765592598	4.2018893454342745	24	10657
technical_replicate	2.0	replicate 2	footprint_size	4.2018893454342745	4.225822925275951	25	10657
technical_replicate	2.0	replicate 2	footprint_size	4.225822925275951	4.249756505117628	28	10657
technical_replicate	2.0	replicate 2	footprint_size	4.249756505117628	4.273690084959306	15	10657
technical_replicate	2.0	replicate 2	footprint_size	4.273690084959306	4.297623664800982	16	10657
technical_replicate	2.0	replicate 2	footprint_size	4.297623664800982	4.3215572446426584	14	10657
technical_replicate	2.0	replicate 2	footprint_size	4.3215572446426584	4.345490824484336	7	10657
technical_replicate	2.0	replicate 2	footprint_size	4.345490824484336	4.369424404326013	4	10657
technical_replicate	2.0	replicate 2	footprint_size	4.369424404326013	4.3933579841676895	6	10657
technical_replicate	1.0	replicate 1	accessible_patch_size	2.0	2.0180002509198736	64	1877
technical_replicate	1.0	replicate 1	accessible_patch_size	2.0180002509198736	2.0360005018397476	47	1877
technical_replicate	1.0	replicate 1	accessible_patch_size	2.0360005018397476	2.054000752759621	65	1877
technical_replicate	1.0	replicate 1	accessible_patch_size	2.054000752759621	2.0720010036794947	57	1877
technical_replicate	1.0	replicate 1	accessible_patch_size	2.0720010036794947	2.0900012545993687	53	1877
technical_replicate	1.0	replicate 1	accessible_patch_size	2.0900012545993687	2.1080015055192423	44	1877
technical_replicate	1.0	replicate 1	accessible_patch_size	2.1080015055192423	2.1260017564391163	39	1877
technical_replicate	1.0	replicate 1	accessible_patch_size	2.1260017564391163	2.14400200735899	45	1877
technical_replicate	1.0	replicate 1	accessible_patch_size	2.14400200735899	2.1620022582788634	40	1877
technical_replicate	1.0	replicate 1	accessible_patch_size	2.1620022582788634	2.1800025091987374	45	1877
technical_replicate	1.0	replicate 1	accessible_patch_size	2.1800025091987374	2.198002760118611	37	1877
technical_replicate	1.0	replicate 1	accessible_patch_size	2.198002760118611	2.2160030110384845	48	1877
technical_replicate	1.0	replicate 1	accessible_patch_size	2.2160030110384845	2.2340032619583585	36	1877
technical_replicate	1.0	replicate 1	accessible_patch_size	2.2340032619583585	2.252003512878232	37	1877
technical_replicate	1.0	replicate 1	accessible_patch_size	2.252003512878232	2.2700037637981056	46	1877
technical_replicate	1.0	replicate 1	accessible_patch_size	2.2700037637981056	2.2880040147179797	37	1877
technical_replicate	1.0	replicate 1	accessible_patch_size	2.2880040147179797	2.306004265637853	33	1877
technical_replicate	1.0	replicate 1	accessible_patch_size	2.306004265637853	2.324004516557727	48	1877
technical_replicate	1.0	replicate 1	accessible_patch_size	2.324004516557727	2.342004767477601	36	1877
technical_replicate	1.0	replicate 1	accessible_patch_size	2.342004767477601	2.3600050183974743	35	1877
technical_replicate	1.0	replicate 1	accessible_patch_size	2.3600050183974743	2.3780052693173483	30	1877
technical_replicate	1.0	replicate 1	accessible_patch_size	2.3780052693173483	2.396005520237222	36	1877
technical_replicate	1.0	replicate 1	accessible_patch_size	2.396005520237222	2.414005771157096	36	1877
technical_replicate	1.0	replicate 1	accessible_patch_size	2.414005771157096	2.4320060220769695	30	1877
technical_replicate	1.0	replicate 1	accessible_patch_size	2.4320060220769695	2.450006272996843	35	1877
technical_replicate	1.0	replicate 1	accessible_patch_size	2.450006272996843	2.468006523916717	17	1877
technical_replicate	1.0	replicate 1	accessible_patch_size	2.468006523916717	2.4860067748365906	34	1877
technical_replicate	1.0	replicate 1	accessible_patch_size	2.4860067748365906	2.504007025756464	23	1877
technical_replicate	1.0	replicate 1	accessible_patch_size	2.504007025756464	2.522007276676338	22	1877
technical_replicate	1.0	replicate 1	accessible_patch_size	2.522007276676338	2.5400075275962117	18	1877
technical_replicate	1.0	replicate 1	accessible_patch_size	2.5400075275962117	2.5580077785160853	28	1877
technical_replicate	1.0	replicate 1	accessible_patch_size	2.5580077785160853	2.5760080294359593	18	1877
technical_replicate	1.0	replicate 1	accessible_patch_size	2.5760080294359593	2.594008280355833	29	1877
technical_replicate	1.0	replicate 1	accessible_patch_size	2.594008280355833	2.6120085312757064	28	1877
technical_replicate	1.0	replicate 1	accessible_patch_size	2.6120085312757064	2.6300087821955804	33	1877
technical_replicate	1.0	replicate 1	accessible_patch_size	2.6300087821955804	2.648009033115454	21	1877
technical_replicate	1.0	replicate 1	accessible_patch_size	2.648009033115454	2.6660092840353276	17	1877
technical_replicate	1.0	replicate 1	accessible_patch_size	2.6660092840353276	2.6840095349552016	20	1877
technical_replicate	1.0	replicate 1	accessible_patch_size	2.6840095349552016	2.702009785875075	24	1877
technical_replicate	1.0	replicate 1	accessible_patch_size	2.702009785875075	2.720010036794949	13	1877
technical_replicate	1.0	replicate 1	accessible_patch_size	2.720010036794949	2.7380102877148227	13	1877
technical_replicate	1.0	replicate 1	accessible_patch_size	2.7380102877148227	2.7560105386346967	19	1877
technical_replicate	1.0	replicate 1	accessible_patch_size	2.7560105386346967	2.7740107895545703	21	1877
technical_replicate	1.0	replicate 1	accessible_patch_size	2.7740107895545703	2.792011040474444	16	1877
technical_replicate	1.0	replicate 1	accessible_patch_size	2.792011040474444	2.810011291394318	21	1877
technical_replicate	1.0	replicate 1	accessible_patch_size	2.810011291394318	2.8280115423141914	18	1877
technical_replicate	1.0	replicate 1	accessible_patch_size	2.8280115423141914	2.846011793234065	15	1877
technical_replicate	1.0	replicate 1	accessible_patch_size	2.846011793234065	2.864012044153939	20	1877
technical_replicate	1.0	replicate 1	accessible_patch_size	2.864012044153939	2.8820122950738125	14	1877
technical_replicate	1.0	replicate 1	accessible_patch_size	2.8820122950738125	2.900012545993686	16	1877
technical_replicate	1.0	replicate 1	accessible_patch_size	2.900012545993686	2.91801279691356	13	1877
technical_replicate	1.0	replicate 1	accessible_patch_size	2.91801279691356	2.9360130478334336	15	1877
technical_replicate	1.0	replicate 1	accessible_patch_size	2.9360130478334336	2.954013298753307	27	1877
technical_replicate	1.0	replicate 1	accessible_patch_size	2.954013298753307	2.972013549673181	11	1877
technical_replicate	1.0	replicate 1	accessible_patch_size	2.972013549673181	2.9900138005930548	15	1877
technical_replicate	1.0	replicate 1	accessible_patch_size	2.9900138005930548	3.0080140515129283	7	1877
technical_replicate	1.0	replicate 1	accessible_patch_size	3.0080140515129283	3.0260143024328023	8	1877
technical_replicate	1.0	replicate 1	accessible_patch_size	3.0260143024328023	3.0440145533526763	10	1877
technical_replicate	1.0	replicate 1	accessible_patch_size	3.0440145533526763	3.0620148042725495	8	1877
technical_replicate	1.0	replicate 1	accessible_patch_size	3.0620148042725495	3.0800150551924235	5	1877
technical_replicate	1.0	replicate 1	accessible_patch_size	3.0800150551924235	3.0980153061122975	8	1877
technical_replicate	1.0	replicate 1	accessible_patch_size	3.0980153061122975	3.116015557032171	11	1877
technical_replicate	1.0	replicate 1	accessible_patch_size	3.116015557032171	3.1340158079520446	14	1877
technical_replicate	1.0	replicate 1	accessible_patch_size	3.1340158079520446	3.1520160588719186	10	1877
technical_replicate	1.0	replicate 1	accessible_patch_size	3.1520160588719186	3.170016309791792	13	1877
technical_replicate	1.0	replicate 1	accessible_patch_size	3.170016309791792	3.1880165607116657	4	1877
technical_replicate	1.0	replicate 1	accessible_patch_size	3.1880165607116657	3.2060168116315397	4	1877
technical_replicate	1.0	replicate 1	accessible_patch_size	3.2060168116315397	3.2240170625514133	5	1877
technical_replicate	1.0	replicate 1	accessible_patch_size	3.2240170625514133	3.242017313471287	7	1877
technical_replicate	1.0	replicate 1	accessible_patch_size	3.242017313471287	3.260017564391161	9	1877
technical_replicate	1.0	replicate 1	accessible_patch_size	3.260017564391161	3.2780178153110344	6	1877
technical_replicate	1.0	replicate 1	accessible_patch_size	3.2780178153110344	3.296018066230908	8	1877
technical_replicate	1.0	replicate 1	accessible_patch_size	3.296018066230908	3.314018317150782	5	1877
technical_replicate	1.0	replicate 1	accessible_patch_size	3.314018317150782	3.3320185680706556	6	1877
technical_replicate	1.0	replicate 1	accessible_patch_size	3.3320185680706556	3.350018818990529	10	1877
technical_replicate	1.0	replicate 1	accessible_patch_size	3.350018818990529	3.368019069910403	6	1877
technical_replicate	1.0	replicate 1	accessible_patch_size	3.368019069910403	3.386019320830277	4	1877
technical_replicate	1.0	replicate 1	accessible_patch_size	3.386019320830277	3.4040195717501502	6	1877
technical_replicate	1.0	replicate 1	accessible_patch_size	3.4040195717501502	3.4220198226700242	4	1877
technical_replicate	1.0	replicate 1	accessible_patch_size	3.4220198226700242	3.4400200735898983	3	1877
technical_replicate	1.0	replicate 1	accessible_patch_size	3.4400200735898983	3.4580203245097714	4	1877
technical_replicate	1.0	replicate 1	accessible_patch_size	3.4580203245097714	3.4760205754296454	3	1877
technical_replicate	1.0	replicate 1	accessible_patch_size	3.4760205754296454	3.4940208263495194	3	1877
technical_replicate	1.0	replicate 1	accessible_patch_size	3.4940208263495194	3.512021077269393	6	1877
technical_replicate	1.0	replicate 1	accessible_patch_size	3.512021077269393	3.5300213281892665	2	1877
technical_replicate	1.0	replicate 1	accessible_patch_size	3.5300213281892665	3.5480215791091405	1	1877
technical_replicate	1.0	replicate 1	accessible_patch_size	3.5480215791091405	3.566021830029014	2	1877
technical_replicate	1.0	replicate 1	accessible_patch_size	3.566021830029014	3.5840220809488876	4	1877
technical_replicate	1.0	replicate 1	accessible_patch_size	3.5840220809488876	3.6020223318687616	3	1877
technical_replicate	1.0	replicate 1	accessible_patch_size	3.6020223318687616	3.620022582788635	4	1877
technical_replicate	1.0	replicate 1	accessible_patch_size	3.620022582788635	3.6380228337085088	0	1877
technical_replicate	1.0	replicate 1	accessible_patch_size	3.6380228337085088	3.6560230846283828	0	1877
technical_replicate	1.0	replicate 1	accessible_patch_size	3.6560230846283828	3.6740233355482563	1	1877
technical_replicate	1.0	replicate 1	accessible_patch_size	3.6740233355482563	3.69202358646813	0	1877
technical_replicate	1.0	replicate 1	accessible_patch_size	3.69202358646813	3.710023837388004	1	1877
technical_replicate	1.0	replicate 1	accessible_patch_size	3.710023837388004	3.7280240883078775	0	1877
technical_replicate	1.0	replicate 1	accessible_patch_size	3.7280240883078775	3.746024339227751	0	1877
technical_replicate	1.0	replicate 1	accessible_patch_size	3.746024339227751	3.764024590147625	0	1877
technical_replicate	1.0	replicate 1	accessible_patch_size	3.764024590147625	3.782024841067499	0	1877
technical_replicate	1.0	replicate 1	accessible_patch_size	3.782024841067499	3.8000250919873726	0	1877
technical_replicate	2.0	replicate 2	accessible_patch_size	2.0	2.0180002509198736	55	1851
technical_replicate	2.0	replicate 2	accessible_patch_size	2.0180002509198736	2.0360005018397476	37	1851
technical_replicate	2.0	replicate 2	accessible_patch_size	2.0360005018397476	2.054000752759621	39	1851
technical_replicate	2.0	replicate 2	accessible_patch_size	2.054000752759621	2.0720010036794947	45	1851
technical_replicate	2.0	replicate 2	accessible_patch_size	2.0720010036794947	2.0900012545993687	45	1851
technical_replicate	2.0	replicate 2	accessible_patch_size	2.0900012545993687	2.1080015055192423	42	1851
technical_replicate	2.0	replicate 2	accessible_patch_size	2.1080015055192423	2.1260017564391163	29	1851
technical_replicate	2.0	replicate 2	accessible_patch_size	2.1260017564391163	2.14400200735899	43	1851
technical_replicate	2.0	replicate 2	accessible_patch_size	2.14400200735899	2.1620022582788634	45	1851
technical_replicate	2.0	replicate 2	accessible_patch_size	2.1620022582788634	2.1800025091987374	47	1851
technical_replicate	2.0	replicate 2	accessible_patch_size	2.1800025091987374	2.198002760118611	40	1851
technical_replicate	2.0	replicate 2	accessible_patch_size	2.198002760118611	2.2160030110384845	44	1851
technical_replicate	2.0	replicate 2	accessible_patch_size	2.2160030110384845	2.2340032619583585	44	1851
technical_replicate	2.0	replicate 2	accessible_patch_size	2.2340032619583585	2.252003512878232	49	1851
technical_replicate	2.0	replicate 2	accessible_patch_size	2.252003512878232	2.2700037637981056	38	1851
technical_replicate	2.0	replicate 2	accessible_patch_size	2.2700037637981056	2.2880040147179797	39	1851
technical_replicate	2.0	replicate 2	accessible_patch_size	2.2880040147179797	2.306004265637853	39	1851
technical_replicate	2.0	replicate 2	accessible_patch_size	2.306004265637853	2.324004516557727	24	1851
technical_replicate	2.0	replicate 2	accessible_patch_size	2.324004516557727	2.342004767477601	32	1851
technical_replicate	2.0	replicate 2	accessible_patch_size	2.342004767477601	2.3600050183974743	44	1851
technical_replicate	2.0	replicate 2	accessible_patch_size	2.3600050183974743	2.3780052693173483	34	1851
technical_replicate	2.0	replicate 2	accessible_patch_size	2.3780052693173483	2.396005520237222	35	1851
technical_replicate	2.0	replicate 2	accessible_patch_size	2.396005520237222	2.414005771157096	32	1851
technical_replicate	2.0	replicate 2	accessible_patch_size	2.414005771157096	2.4320060220769695	20	1851
technical_replicate	2.0	replicate 2	accessible_patch_size	2.4320060220769695	2.450006272996843	28	1851
technical_replicate	2.0	replicate 2	accessible_patch_size	2.450006272996843	2.468006523916717	32	1851
technical_replicate	2.0	replicate 2	accessible_patch_size	2.468006523916717	2.4860067748365906	28	1851
technical_replicate	2.0	replicate 2	accessible_patch_size	2.4860067748365906	2.504007025756464	37	1851
technical_replicate	2.0	replicate 2	accessible_patch_size	2.504007025756464	2.522007276676338	22	1851
technical_replicate	2.0	replicate 2	accessible_patch_size	2.522007276676338	2.5400075275962117	26	1851
technical_replicate	2.0	replicate 2	accessible_patch_size	2.5400075275962117	2.5580077785160853	31	1851
technical_replicate	2.0	replicate 2	accessible_patch_size	2.5580077785160853	2.5760080294359593	35	1851
technical_replicate	2.0	replicate 2	accessible_patch_size	2.5760080294359593	2.594008280355833	20	1851
technical_replicate	2.0	replicate 2	accessible_patch_size	2.594008280355833	2.6120085312757064	20	1851
technical_replicate	2.0	replicate 2	accessible_patch_size	2.6120085312757064	2.6300087821955804	19	1851
technical_replicate	2.0	replicate 2	accessible_patch_size	2.6300087821955804	2.648009033115454	25	1851
technical_replicate	2.0	replicate 2	accessible_patch_size	2.648009033115454	2.6660092840353276	16	1851
technical_replicate	2.0	replicate 2	accessible_patch_size	2.6660092840353276	2.6840095349552016	24	1851
technical_replicate	2.0	replicate 2	accessible_patch_size	2.6840095349552016	2.702009785875075	17	1851
technical_replicate	2.0	replicate 2	accessible_patch_size	2.702009785875075	2.720010036794949	21	1851
technical_replicate	2.0	replicate 2	accessible_patch_size	2.720010036794949	2.7380102877148227	19	1851
technical_replicate	2.0	replicate 2	accessible_patch_size	2.7380102877148227	2.7560105386346967	14	1851
technical_replicate	2.0	replicate 2	accessible_patch_size	2.7560105386346967	2.7740107895545703	14	1851
technical_replicate	2.0	replicate 2	accessible_patch_size	2.7740107895545703	2.792011040474444	16	1851
technical_replicate	2.0	replicate 2	accessible_patch_size	2.792011040474444	2.810011291394318	20	1851
technical_replicate	2.0	replicate 2	accessible_patch_size	2.810011291394318	2.8280115423141914	25	1851
technical_replicate	2.0	replicate 2	accessible_patch_size	2.8280115423141914	2.846011793234065	19	1851
technical_replicate	2.0	replicate 2	accessible_patch_size	2.846011793234065	2.864012044153939	15	1851
technical_replicate	2.0	replicate 2	accessible_patch_size	2.864012044153939	2.8820122950738125	26	1851
technical_replicate	2.0	replicate 2	accessible_patch_size	2.8820122950738125	2.900012545993686	13	1851
technical_replicate	2.0	replicate 2	accessible_patch_size	2.900012545993686	2.91801279691356	15	1851
technical_replicate	2.0	replicate 2	accessible_patch_size	2.91801279691356	2.9360130478334336	14	1851
technical_replicate	2.0	replicate 2	accessible_patch_size	2.9360130478334336	2.954013298753307	13	1851
technical_replicate	2.0	replicate 2	accessible_patch_size	2.954013298753307	2.972013549673181	14	1851
technical_replicate	2.0	replicate 2	accessible_patch_size	2.972013549673181	2.9900138005930548	11	1851
technical_replicate	2.0	replicate 2	accessible_patch_size	2.9900138005930548	3.0080140515129283	8	1851
technical_replicate	2.0	replicate 2	accessible_patch_size	3.0080140515129283	3.0260143024328023	14	1851
technical_replicate	2.0	replicate 2	accessible_patch_size	3.0260143024328023	3.0440145533526763	18	1851
technical_replicate	2.0	replicate 2	accessible_patch_size	3.0440145533526763	3.0620148042725495	15	1851
technical_replicate	2.0	replicate 2	accessible_patch_size	3.0620148042725495	3.0800150551924235	13	1851
technical_replicate	2.0	replicate 2	accessible_patch_size	3.0800150551924235	3.0980153061122975	12	1851
technical_replicate	2.0	replicate 2	accessible_patch_size	3.0980153061122975	3.116015557032171	14	1851
technical_replicate	2.0	replicate 2	accessible_patch_size	3.116015557032171	3.1340158079520446	9	1851
technical_replicate	2.0	replicate 2	accessible_patch_size	3.1340158079520446	3.1520160588719186	8	1851
technical_replicate	2.0	replicate 2	accessible_patch_size	3.1520160588719186	3.170016309791792	13	1851
technical_replicate	2.0	replicate 2	accessible_patch_size	3.170016309791792	3.1880165607116657	3	1851
technical_replicate	2.0	replicate 2	accessible_patch_size	3.1880165607116657	3.2060168116315397	7	1851
technical_replicate	2.0	replicate 2	accessible_patch_size	3.2060168116315397	3.2240170625514133	10	1851
technical_replicate	2.0	replicate 2	accessible_patch_size	3.2240170625514133	3.242017313471287	12	1851
technical_replicate	2.0	replicate 2	accessible_patch_size	3.242017313471287	3.260017564391161	10	1851
technical_replicate	2.0	replicate 2	accessible_patch_size	3.260017564391161	3.2780178153110344	6	1851
technical_replicate	2.0	replicate 2	accessible_patch_size	3.2780178153110344	3.296018066230908	6	1851
technical_replicate	2.0	replicate 2	accessible_patch_size	3.296018066230908	3.314018317150782	5	1851
technical_replicate	2.0	replicate 2	accessible_patch_size	3.314018317150782	3.3320185680706556	5	1851
technical_replicate	2.0	replicate 2	accessible_patch_size	3.3320185680706556	3.350018818990529	6	1851
technical_replicate	2.0	replicate 2	accessible_patch_size	3.350018818990529	3.368019069910403	5	1851
technical_replicate	2.0	replicate 2	accessible_patch_size	3.368019069910403	3.386019320830277	7	1851
technical_replicate	2.0	replicate 2	accessible_patch_size	3.386019320830277	3.4040195717501502	2	1851
technical_replicate	2.0	replicate 2	accessible_patch_size	3.4040195717501502	3.4220198226700242	5	1851
technical_replicate	2.0	replicate 2	accessible_patch_size	3.4220198226700242	3.4400200735898983	2	1851
technical_replicate	2.0	replicate 2	accessible_patch_size	3.4400200735898983	3.4580203245097714	8	1851
technical_replicate	2.0	replicate 2	accessible_patch_size	3.4580203245097714	3.4760205754296454	2	1851
technical_replicate	2.0	replicate 2	accessible_patch_size	3.4760205754296454	3.4940208263495194	5	1851
technical_replicate	2.0	replicate 2	accessible_patch_size	3.4940208263495194	3.512021077269393	4	1851
technical_replicate	2.0	replicate 2	accessible_patch_size	3.512021077269393	3.5300213281892665	2	1851
technical_replicate	2.0	replicate 2	accessible_patch_size	3.5300213281892665	3.5480215791091405	1	1851
technical_replicate	2.0	replicate 2	accessible_patch_size	3.5480215791091405	3.566021830029014	5	1851
technical_replicate	2.0	replicate 2	accessible_patch_size	3.566021830029014	3.5840220809488876	1	1851
technical_replicate	2.0	replicate 2	accessible_patch_size	3.5840220809488876	3.6020223318687616	1	1851
technical_replicate	2.0	replicate 2	accessible_patch_size	3.6020223318687616	3.620022582788635	3	1851
technical_replicate	2.0	replicate 2	accessible_patch_size	3.620022582788635	3.6380228337085088	2	1851
technical_replicate	2.0	replicate 2	accessible_patch_size	3.6380228337085088	3.6560230846283828	0	1851
technical_replicate	2.0	replicate 2	accessible_patch_size	3.6560230846283828	3.6740233355482563	1	1851
technical_replicate	2.0	replicate 2	accessible_patch_size	3.6740233355482563	3.69202358646813	0	1851
technical_replicate	2.0	replicate 2	accessible_patch_size	3.69202358646813	3.710023837388004	1	1851
technical_replicate	2.0	replicate 2	accessible_patch_size	3.710023837388004	3.7280240883078775	1	1851
technical_replicate	2.0	replicate 2	accessible_patch_size	3.7280240883078775	3.746024339227751	1	1851
technical_replicate	2.0	replicate 2	accessible_patch_size	3.746024339227751	3.764024590147625	0	1851
technical_replicate	2.0	replicate 2	accessible_patch_size	3.764024590147625	3.782024841067499	3	1851
technical_replicate	2.0	replicate 2	accessible_patch_size	3.782024841067499	3.8000250919873726	1	1851
