tf	group	metric	n_peaks	mean	median	mean_diff	signed_effect	mw_u_stat	mw_pvalue	log10_pvalue	rank	q	category	ctx
PRDM9	pachytene	lacuna_at	4008	0.0965446963068349	0.0869565217391304	0.0089156749659115	0.0089156749659115	6110874.0	4.832016395211306e-09	8.315871600807098	2	2.348381269194348e-07	germline_late_active	promoter
KLF5	architectural	lacuna_at	4317	0.0959541911702993	0.0909090909090909	0.0083251698293758	0.0083251698293758	6572169.0	5.727759193156946e-09	8.242015248954655	3	2.348381269194348e-07	germline_late_active	promoter
NRF1	architectural	lacuna_at	4135	0.0950661570706555	0.088235294117647	0.0074371357297321	0.0074371357297321	6266575.0	5.435365195761417e-08	7.264771270864583	4	1.2016890792081488e-06	architectural_universal	promoter
WT1	sertoli	lacuna_at	4700	0.095388351618621	0.0869565217391304	0.0077593302776975	0.0077593302776975	7109324.0	5.861897947356823e-08	7.231961746676429	5	1.2016890792081488e-06	dev_gene_associated	promoter
KLF4	architectural	lacuna_at	4969	0.0948905927052816	0.0869565217391304	0.0072615713643582	0.0072615713643582	7502762.0	9.392665688611932e-08	7.027211135150369	6	1.5403971729323567e-06	germline_late_active	promoter
KLF6	other	lacuna_at	4784	0.0948027620131212	0.0869565217391304	0.0071737406721978	0.0071737406721978	7218684.5	1.4978738383306736e-07	6.82452476448983	7	2.0470942457185872e-06	architectural_universal	promoter
EGR4	other	lacuna_at	4716	0.0947867973655618	0.088235294117647	0.0071577760246383	0.0071577760246383	7112379.5	1.993534403039445e-07	6.700376265182791	8	2.2314431420994107e-06	germline_late_active	promoter
EGR1	other	lacuna_at	4907	0.0948675637967196	0.0869565217391304	0.0072385424557962	0.0072385424557962	7395349.5	2.177017699609181e-07	6.662138040039589	9	2.2314431420994107e-06	architectural_universal	promoter
TCFL5	meiotic_entry	lacuna_at	3749	0.0950939290009383	0.0869565217391304	0.0074649076600149	0.0074649076600149	5664884.0	3.112224736750781e-07	6.50692904972647	10	2.7387175250771474e-06	germline_late_active	promoter
SP1	architectural	lacuna_at	4633	0.0947938930887874	0.0869565217391304	0.0071648717478639	0.0071648717478639	6979823.0	3.339899420825789e-07	6.476266611523185	11	2.7387175250771474e-06	architectural_universal	promoter
CTCFL	architectural	lacuna_at	4797	0.0945891431759503	0.0869565217391304	0.0069601218350269	0.0069601218350269	7219948.0	4.157750172019686e-07	6.381141609803231	12	3.099413764596493e-06	germline_late_active	promoter
EGR3	other	lacuna_at	2879	0.0952605660766221	0.0869565217391304	0.0076315447356987	0.0076315447356987	4351634.5	1.228625273532822e-06	5.910580555235771	13	8.068819998364121e-06	architectural_universal	promoter
TBX5	other	lacuna_at	4081	0.0945809346624118	0.0869565217391304	0.0069519133214884	0.0069519133214884	6136470.0	1.2792031704723609e-06	5.893060472872715	14	8.068819998364121e-06	dev_gene_associated	promoter
TFAP2A	other	lacuna_at	2938	0.0948221619731913	0.0869565217391304	0.0071931406322678	0.0071931406322678	4435099.0	1.7090762121398229e-06	5.767238570530408	15	1.0010303528247533e-05	dev_gene_associated	promoter
HIF1A	other	lacuna_at	2668	0.0951777754293065	0.0869565217391304	0.007548754088383	0.007548754088383	4032355.0	1.961628429895404e-06	5.707383252882916	16	1.0723568750094876e-05	architectural_universal	promoter
EGR2	other	lacuna_at	3559	0.0946380209517717	0.0869565217391304	0.0070089996108483	0.0070089996108483	5353649.0	2.138994763145412e-06	5.669790278700952	17	1.0962348161120237e-05	architectural_universal	promoter
NFYB	architectural	lacuna_at	2522	0.0942351386681683	0.0869565217391304	0.0066061173272449	0.0066061173272449	3799543.0	7.375052350548044e-06	5.132234892573739	18	3.557378192617292e-05	architectural_universal	promoter
SOHLH2	diff_SPG	lacuna_at	2503	0.0945379077167512	0.0869565217391304	0.0069088863758277	0.0069088863758277	3769581.5	8.55097424110235e-06	5.067984401829623	19	3.895443820946626e-05	germline_late_active	promoter
ELF1	architectural	lacuna_at	3444	0.0937384606473782	0.0869565217391304	0.0061094393064548	0.0061094393064548	5148388.5	1.977356956742926e-05	4.703914923832396	20	8.367628607774609e-05	architectural_universal	promoter
CTCF	architectural	lacuna_at	3166	0.0936453534124451	0.0869565217391304	0.0060163320715217	0.0060163320715217	4737595.5	2.04088502628649e-05	4.690181460671383	21	8.367628607774609e-05	architectural_universal	promoter
NFYA	architectural	lacuna_at	2243	0.0939360464712135	0.0869565217391304	0.0063070251302901	0.0063070251302901	3364612.5	4.539799379397317e-05	4.342963338849028	22	0.00017726835671932382	architectural_universal	promoter
ERG	endothelial	lacuna_at	3300	0.0931896161211433	0.0869565217391304	0.0055605947802199	0.0055605947802199	4914008.5	7.452721677630426e-05	4.127685097222224	23	0.00027778326252986133	dev_gene_associated	promoter
CREB3L4	spermatid	lacuna_at	3412	0.0930460798487781	0.0869565217391304	0.0054170585078547	0.0054170585078547	5075981.0	8.715864183656775e-05	4.05968954583606	24	0.000310739505678198	germline_late_active	promoter
MYC	architectural	lacuna_at	2812	0.0931407538304671	0.0869565217391304	0.0055117324895437	0.0055117324895437	4191453.0	0.0001007564122844	3.996727305175408	25	0.0003442510753050333	architectural_universal	promoter
GABPA	architectural	lacuna_at	3563	0.0931195058775718	0.0869565217391304	0.0054904845366484	0.0054904845366484	5290839.5	0.0001279494827007	3.892961465624052	26	0.000419674303258296	architectural_universal	promoter
MAX	architectural	lacuna_at	1787	0.0938599926303879	0.0869565217391304	0.0062309712894644	0.0062309712894644	2678723.5	0.0001474734819567	3.8312860656196506	27	0.0004651086738634384	architectural_universal	promoter
E2F1	architectural	lacuna_at	1845	0.0941872577240167	0.0869565217391304	0.0065582363830933	0.0065582363830933	2754565.5	0.0003269360496429	3.4855371892458176	28	0.0009929168915080667	architectural_universal	promoter
USF1	architectural	lacuna_at	1334	0.09376017481405	0.0869565217391304	0.0061311534731265	0.0061311534731265	1991557.5	0.0010749237260705	2.968622351117593	29	0.003147990912063607	architectural_universal	promoter
USF2	architectural	lacuna_at	368	0.0991006838524506	0.0909090909090909	0.0114716625115272	0.0114716625115272	569172.0	0.0012139510182092	2.915798836284326	30	0.0034325511549363583	architectural_universal	promoter
LHX1	SSC	lacuna_at	572	0.0956115486839817	0.0909090909090909	0.0079825273430582	0.0079825273430582	869075.0	0.0016791198953341	2.774918292532	31	0.004589594380579874	dev_gene_associated	promoter
ETV5	SSC	lacuna_at	2027	0.0922537088302044	0.0833333333333333	0.004624687489281	0.004624687489281	2997431.0	0.0018456532837357	2.733849880288881	32	0.004882050621494432	germline_SSC_or_pluripotency	promoter
ELK1	architectural	lacuna_at	2064	0.092098955620778	0.0833333333333333	0.0044699342798545	0.0044699342798545	3046420.0	0.0025471616990058	2.593943484264147	35	0.006527101853702362	architectural_universal	promoter
ETS1	architectural	lacuna_at	2646	0.0920474418230202	0.0833333333333333	0.0044184204820968	0.0044184204820968	3893175.0	0.0026576806071074	2.575497212597728	36	0.0066039336297820245	architectural_universal	promoter
YY1	architectural	lacuna_at	1593	0.091888167445563	0.0833333333333333	0.0042591461046396	0.0042591461046396	2356280.5	0.0033331912848017	2.4771397623820457	37	0.008038873098639394	architectural_universal	promoter
E2F4	architectural	lacuna_at	1225	0.093426285256041	0.0869565217391304	0.0057972639151175	0.0057972639151175	1819346.5	0.0034495434438719	2.462238381137719	38	0.008073782089650839	architectural_universal	promoter
ATF1	architectural	lacuna_at	1896	0.0923425701563353	0.0833333333333333	0.0047135488154118	0.0047135488154118	2796649.5	0.0035445872588711	2.4504343279366463	39	0.008073782089650839	architectural_universal	promoter
NR5A2	pachytene	lacuna_at	1713	0.0923615539427703	0.0833333333333333	0.0047325326018469	0.0047325326018469	2526822.0	0.004488899995454	2.347860069783525	41	0.009948372962898053	dev_gene_associated	promoter
TBX2	other	lacuna_at	2222	0.0920680695024251	0.0833333333333333	0.0044390481615017	0.0044390481615017	3263043.0	0.0055916724412929	2.252458277374241	42	0.012066240531210993	dev_gene_associated	promoter
EOMES	other	lacuna_at	1501	0.092183938866886	0.0833333333333333	0.0045549175259625	0.0045549175259625	2214030.5	0.0061558789147474	2.210709931266517	44	0.01294313002587915	dev_gene_associated	promoter
NR5A1	sertoli	lacuna_at	1396	0.091765648618468	0.0833333333333333	0.0041366272775445	0.0041366272775445	2055948.0	0.0091921696783677	2.036581967598854	45	0.018843947840653786	dev_gene_associated	promoter
CREB1	architectural	lacuna_at	1317	0.0920578781726263	0.0833333333333333	0.0044288568317028	0.0044288568317028	1939325.0	0.010608941317033	1.974327952866892	46	0.021217882634066	architectural_universal	promoter
NFE2L2	other	lacuna_at	663	0.0930009859440698	0.0833333333333333	0.0053719646031464	0.0053719646031464	987882.0	0.0113103621699442	1.9465234882761364	47	0.022082135665129152	architectural_universal	promoter
FLI1	endothelial	lacuna_at	2073	0.0911497589909302	0.0833333333333333	0.0035207376500068	0.0035207376500068	3028788.5	0.0149779052517621	1.824548921029996	48	0.028562516991732376	dev_gene_associated	promoter
MYB	other	lacuna_at	1445	0.0916178875214996	0.0869565217391304	0.0039888661805762	0.0039888661805762	2116659.0	0.0185858963524891	1.7308164890986468	49	0.034637352293275143	germline_late_active	promoter
MTF1	other	lacuna_at	658	0.0939577557339628	0.0833333333333333	0.0063287343930393	0.0063287343930393	973124.0	0.0251447313348211	1.599553000346415	50	0.04581928821011845	architectural_universal	promoter
TBX21	other	lacuna_at	1158	0.0920829038858661	0.0833333333333333	0.0044538825449427	0.0044538825449427	1696172.0	0.0268727326110166	1.5706881691624897	52	0.04790356682833393	dev_gene_associated	promoter
GATA4	sertoli	lacuna_at	1106	0.0917169909143443	0.0833333333333333	0.0040879695734209	0.0040879695734209	1618693.0	0.0317053266419718	1.4988677681646028	53	0.05531567626897208	somatic	promoter
CREM	spermatid	lacuna_at	1564	0.0905889620705507	0.081081081081081	0.0029599407296273	0.0029599407296273	2276703.5	0.0373421547523534	1.42780062559269	54	0.06379284770193705	germline_late_active	promoter
SOX2	pioneer	lacuna_at	1628	0.0896583908795682	0.0833333333333333	0.0020293695386447	0.0020293695386447	2354097.5	0.0774082345701536	1.1112128372737615	59	0.12954031091331827	germline_SSC_or_pluripotency	promoter
JUN	architectural	lacuna_at	549	0.0903410110700754	0.0833333333333333	0.002711989729152	0.002711989729152	803432.5	0.07941648198066	1.100089355376226	60	0.1299624458424413	architectural_universal	promoter
DMRT1	diff_SPG	lacuna_at	458	0.0916678038285861	0.0833333333333333	0.0040387824876626	0.0040387824876626	671942.5	0.0815837340693314	1.088396421002339	61	0.1299624458424413	germline_SSC_or_pluripotency	promoter
HSF2	pachytene	lacuna_at	207	0.0919654323545691	0.0909090909090909	0.0043364110136456	0.0043364110136456	308705.5	0.0824152095586213	1.0839926327466358	62	0.1299624458424413	germline_late_active	promoter
NKX2-5	other	lacuna_at	1487	0.0898310613664906	0.081081081081081	0.0022020400255671	0.0022020400255671	2147910.5	0.0930122440806112	1.031459877396266	63	0.1439057361247192	somatic	promoter
GATA3	shared_GATA	lacuna_at	1113	0.0896798881022223	0.081081081081081	0.0020508667612989	0.0020508667612989	1609972.0	0.1022949296256286	0.990145892096081	66	0.15533674498706565	somatic	promoter
POU5F1	pioneer	lacuna_at	1070	0.0913040401696843	0.08	0.0036750188287608	0.0036750188287608	1544931.5	0.1230572560017128	0.9098927732769272	68	0.1807321994163493	germline_SSC_or_pluripotency	promoter
ATF4	other	lacuna_at	320	0.0921780897857569	0.0833333333333333	0.0045490684448335	0.0045490684448335	468975.0	0.1234268678940922	0.9085902916153488	69	0.1807321994163493	architectural_universal	promoter
GATA1	sertoli	lacuna_at	1175	0.0888615314062503	0.08	0.0012325100653269	0.0012325100653269	1682647.5	0.2175003488907672	0.6625400420600865	74	0.31289523875513875	somatic	promoter
NKX6-1	neg_control	lacuna_at	676	0.0892187548927451	0.08	0.0015897335518216	0.0015897335518216	970290.0	0.2333936221097561	0.6319110159872412	75	0.3299702933275862	neg_control	promoter
STAT1	diff_SPG	lacuna_at	791	0.0885787868376347	0.08	0.0009497654967112	0.0009497654967112	1133589.5	0.2399736338466508	0.6198364720547869	77	0.3335226775495825	germline_late_active	promoter
ATF2	architectural	lacuna_at	767	0.0884116414695314	0.08	0.000782620128608	0.000782620128608	1097282.0	0.2667941415430749	0.573823711200202	79	0.364618660108869	architectural_universal	promoter
LEF1	other	lacuna_at	1768	0.0882136322707143	0.08	0.0005846109297908	0.0005846109297908	2517163.5	0.2888067509372246	0.5393926592308017	81	0.3882320258500396	somatic	promoter
FOXP3	other	lacuna_at	1675	0.0879888950778149	0.08	0.0003598737368914	0.0003598737368914	2383065.0	0.3059560341844622	0.514340977057389	82	0.4030855086724666	somatic	promoter
STAT3	diff_SPG	lacuna_at	925	0.0883965832427623	0.08	0.0007675619018388	0.0007675619018388	1318405.5	0.3096876469068951	0.509076117817795	83	0.4030855086724666	germline_late_active	promoter
CRX	other	lacuna_at	740	0.0880056617863487	0.08	0.0003766404454252	0.0003766404454252	1054177.0	0.3322773517530081	0.4784992595154515	84	0.4257303569335416	dev_gene_associated	promoter
MEF2C	other	lacuna_at	331	0.0879765661350249	0.08	0.0003475447941014	0.0003475447941014	472814.5	0.3481347855041511	0.4582525799971616	86	0.4391854217129291	somatic	promoter
PAX7	SSC	lacuna_at	203	0.0890466641190315	0.08	0.0014176427781081	0.0014176427781081	290511.5	0.3605779984417861	0.4430007763569206	87	0.4479908465488858	germline_SSC_or_pluripotency	promoter
MEF2A	other	lacuna_at	422	0.0873174632701555	0.08	-0.0003115580707678	-0.0003115580707678	600816.0	0.3731195671097018	0.4281519751217451	88	0.4566537985521723	somatic	promoter
GATA6	leydig	lacuna_at	847	0.0877578302638826	0.08	0.0001288089229591	0.0001288089229591	1200920.0	0.4026762864704687	0.3950439451585452	89	0.48558022780262405	somatic	promoter
BARX1	neg_control	lacuna_at	784	0.0874970665858026	0.08	-0.0001319547551208	-0.0001319547551208	1106962.0	0.4764293079723301	0.3220015303564418	92	0.5661913515033488	neg_control	promoter
ONECUT1	other	lacuna_at	219	0.0870967977887364	0.081081081081081	-0.000532223552187	-0.000532223552187	308689.0	0.503241610835771	0.2982234561772118	93	0.5895116012647603	somatic	promoter
FOXO1	SSC	lacuna_at	1193	0.0869665657546736	0.08	-0.0006624555862498	-0.0006624555862498	1680382.5	0.5208071905871255	0.2833230282594645	94	0.6014956285654126	germline_SSC_or_pluripotency	promoter
CDX1	neg_control	lacuna_at	211	0.0866320111253792	0.0769230769230769	-0.0009970102155442	-0.0009970102155442	294996.5	0.5813346821255436	0.2355737664872173	98	0.6620756101985358	neg_control	promoter
PDX1	neg_control	lacuna_at	394	0.0875044912622711	0.08	-0.0001245300786522	-0.0001245300786522	551001.5	0.6038962875618841	0.2190376401985118	99	0.6783492545215684	neg_control	promoter
FOXC2	SSC	lacuna_at	506	0.0861476117103872	0.08	-0.0014814096305362	-0.0014814096305362	706903.5	0.6293458748857641	0.2011106100869387	101	0.6973832667653062	germline_SSC_or_pluripotency	promoter
FOXL2	sertoli	lacuna_at	565	0.0860484120359653	0.0769230769230769	-0.001580609304958	-0.001580609304958	787286.0	0.6708490101415178	0.1733752167032541	102	0.7311749248341324	somatic	promoter
CDX2	neg_control	lacuna_at	755	0.0866862751865553	0.0769230769230769	-0.0009427461543681	-0.0009427461543681	1052950.0	0.6776743205779763	0.1689789709670024	103	0.7311749248341324	neg_control	promoter
FOXA2	pioneer	lacuna_at	707	0.0859256188744243	0.074074074074074	-0.0017034024664991	-0.0017034024664991	979223.0	0.7672576707095006	0.1150587609865201	109	0.8170795973789488	somatic	promoter
TBP	architectural	lacuna_at	451	0.0857281240594557	0.074074074074074	-0.0019008972814676	-0.0019008972814676	621620.0	0.7789081997330759	0.1085137242255927	110	0.8188522099757978	architectural_universal	promoter
GATA2	other	lacuna_at	606	0.083721375601771	0.0769230769230769	-0.0039076457391523	-0.0039076457391523	833107.5	0.8334618822939392	0.079114257489183	112	0.8646425389401434	somatic	promoter
NRL	other	lacuna_at	394	0.0834356014460244	0.0794736842105263	-0.004193419894899	-0.004193419894899	538154.0	0.8435536965269692	0.0738872671197616	113	0.8646425389401434	dev_gene_associated	promoter
FOXA1	shared_FOX	lacuna_at	720	0.0830155726574061	0.074074074074074	-0.0046134486835173	-0.0046134486835173	980312.0	0.9232501993478728	0.0346805899042549	116	0.9346483499571059	somatic	promoter
POU3F1	SSC	lacuna_at	335	0.0833778401714846	0.0714285714285714	-0.0042511811694387	-0.0042511811694387	445684.5	0.9548975057856074	0.0200432410450943	120	0.9548975057856075	germline_SSC_or_pluripotency	promoter
CTCF	architectural	lacuna_at	1324	0.0767940313051563	0.0714285714285714	0.0079004939172588	0.0079004939172588	783156.5	4.564951788908784e-05	4.340563804749933	6	0.0024594471881801997	architectural_universal	distal
USF1	architectural	lacuna_at	451	0.0796531469033157	0.074074074074074	0.0107596095154181	0.0107596095154181	274316.5	6.731888796245753e-05	4.17186306672707	7	0.0024594471881801997	architectural_universal	distal
KLF5	architectural	lacuna_at	883	0.0775032483036533	0.0714285714285714	0.0086097109157557	0.0086097109157557	524042.5	0.0001187056533105	3.9255285974470735	9	0.0024594471881801997	germline_late_active	distal
EGR1	other	lacuna_at	1207	0.0769284872856512	0.0714285714285714	0.0080349498977537	0.0080349498977537	710340.5	0.0001577715717271	3.8019712479849854	10	0.0024594471881801997	architectural_universal	distal
HIF1A	other	lacuna_at	513	0.0778888246704694	0.0714285714285714	0.0089952872825718	0.0089952872825718	308305.5	0.0001866156465759	3.729051946137605	11	0.0024594471881801997	architectural_universal	distal
KLF4	architectural	lacuna_at	1328	0.0761023642972036	0.0689655172413793	0.0072088269093061	0.0072088269093061	779181.5	0.0001979964863006	3.703342516777672	12	0.0024594471881801997	germline_late_active	distal
TBX5	other	lacuna_at	1197	0.0763135752657826	0.0714285714285714	0.0074200378778851	0.0074200378778851	703339.0	0.0002126358965345	3.672363417372082	13	0.0024594471881801997	dev_gene_associated	distal
EGR4	other	lacuna_at	1045	0.0769176879030931	0.0689655172413793	0.0080241505151956	0.0080241505151956	615079.0	0.0002480430484262	3.605472939853021	14	0.0024594471881801997	germline_late_active	distal
MYC	architectural	lacuna_at	847	0.0771890797141611	0.0714285714285714	0.0082955423262636	0.0082955423262636	500536.5	0.0002732719097978	3.5634050080686275	15	0.0024594471881801997	architectural_universal	distal
KLF6	other	lacuna_at	1158	0.0765124107950721	0.0714285714285714	0.0076188734071746	0.0076188734071746	678652.5	0.0003616588919224	3.441700852658999	17	0.0027700419751368545	architectural_universal	distal
SP1	architectural	lacuna_at	996	0.0767183008563649	0.0689655172413793	0.0078247634684673	0.0078247634684673	585282.0	0.0003761785398334	3.424605983633503	18	0.0027700419751368545	architectural_universal	distal
CTCFL	architectural	lacuna_at	1410	0.0757328819698571	0.0689655172413793	0.0068393445819596	0.0068393445819596	822897.5	0.0004158631102095	3.381049602700667	19	0.002807075993914125	germline_late_active	distal
PRDM9	pachytene	lacuna_at	909	0.0771463187447522	0.0689655172413793	0.0082527813568547	0.0082527813568547	534470.0	0.0004609092987679	3.336384529968608	20	0.002871819476938454	germline_late_active	distal
TFAP2A	other	lacuna_at	704	0.077088225538073	0.0705980066445182	0.0081946881501754	0.0081946881501754	415951.0	0.0005416108545183	3.2663126404636063	21	0.0031336056582844498	dev_gene_associated	distal
WT1	sertoli	lacuna_at	1147	0.0759048197666263	0.0714285714285714	0.0070112823787288	0.0070112823787288	668836.0	0.0008156979126436	3.088470649043226	22	0.00440476872827544	dev_gene_associated	distal
E2F1	architectural	lacuna_at	537	0.0765073542913045	0.0714285714285714	0.0076138169034069	0.0076138169034069	318306.5	0.0009236869752743	3.0344751802337675	23	0.004676165312326144	architectural_universal	distal
NR5A1	sertoli	lacuna_at	548	0.0760440060749896	0.0689655172413793	0.0071504686870921	0.0071504686870921	321587.0	0.0027739285023519	2.55690473700252	25	0.013216953452382581	dev_gene_associated	distal
MAX	architectural	lacuna_at	423	0.0772535517188733	0.0689655172413793	0.0083600143309758	0.0083600143309758	249826.5	0.0030194533668362	2.520071673352257	26	0.0135875401507629	architectural_universal	distal
ELF1	architectural	lacuna_at	940	0.0749944616851285	0.0666666666666666	0.006100924297231	0.006100924297231	544529.0	0.0032807075396269	2.4840324832949534	27	0.0139861742478831	architectural_universal	distal
NR5A2	pachytene	lacuna_at	588	0.0758829887946001	0.0701970443349753	0.0069894514067026	0.0069894514067026	343078.0	0.0043040413362068	2.3661235663378712	29	0.01743136741163754	dev_gene_associated	distal
TBX2	other	lacuna_at	677	0.0754569355478976	0.0714285714285714	0.0065633981600001	0.0065633981600001	393549.5	0.0045823510431929	2.338911643587954	30	0.017674782595172616	dev_gene_associated	distal
CREB3L4	spermatid	lacuna_at	751	0.0746486187186675	0.0689655172413793	0.0057550813307699	0.0057550813307699	435234.5	0.0050936148775541	2.29297389464448	31	0.01875376386735828	germline_late_active	distal
ERG	endothelial	lacuna_at	929	0.0744228937397408	0.0689655172413793	0.0055293563518433	0.0055293563518433	535110.0	0.0066661116625768	2.176127415842783	34	0.0226765006849368	dev_gene_associated	distal
EGR3	other	lacuna_at	411	0.0775577633255465	0.0714285714285714	0.0086642259376489	0.0086642259376489	240905.0	0.0067189631659072	2.172697739753706	35	0.0226765006849368	architectural_universal	distal
ETS1	architectural	lacuna_at	577	0.0750872530648018	0.0666666666666666	0.0061937156769042	0.0061937156769042	335188.5	0.0070865332703654	2.1495661695779336	37	0.0229603677959839	architectural_universal	distal
FLI1	endothelial	lacuna_at	378	0.0760871045273908	0.0689655172413793	0.0071935671394933	0.0071935671394933	221810.5	0.0075110493722326	2.12429938327106	38	0.023399807659647717	dev_gene_associated	distal
NFYA	architectural	lacuna_at	487	0.0755906845856967	0.0714285714285714	0.0066971471977991	0.0066971471977991	283452.5	0.0085978250075353	2.065611398371742	39	0.0257934750226059	architectural_universal	distal
TCFL5	meiotic_entry	lacuna_at	687	0.0746315608520643	0.0666666666666666	0.0057380234641667	0.0057380234641667	396651.0	0.0091760054189187	2.037346338632747	40	0.026544872819014808	germline_late_active	distal
GABPA	architectural	lacuna_at	1008	0.0736432852863576	0.0666666666666666	0.0047497478984601	0.0047497478984601	577805.0	0.0100506930889047	1.9978039885611023	41	0.027263465379682404	architectural_universal	distal
YY1	architectural	lacuna_at	523	0.0745585414053671	0.0689655172413793	0.0056650040174695	0.0056650040174695	303373.5	0.0101019311775864	1.995595594574041	42	0.027263465379682404	architectural_universal	distal
CREM	spermatid	lacuna_at	336	0.0760040647800208	0.0714285714285714	0.0071105273921233	0.0071105273921233	197060.5	0.0104341657625945	1.9815422681303907	43	0.027263465379682404	germline_late_active	distal
SOHLH2	diff_SPG	lacuna_at	560	0.0753811090942311	0.064516129032258	0.0064875717063336	0.0064875717063336	323991.0	0.0112228711693496	1.9498960224480504	44	0.028407892647416173	germline_late_active	distal
EGR2	other	lacuna_at	583	0.0755561180886535	0.064516129032258	0.006662580700756	0.006662580700756	336374.0	0.0133806105092702	1.8735240708164451	45	0.03284331670457231	architectural_universal	distal
USF2	architectural	lacuna_at	53	0.0831921838133628	0.08	0.0142986464254653	0.0142986464254653	33740.0	0.0151011205432453	1.820990825707325	46	0.03597619894126086	architectural_universal	distal
TBX21	other	lacuna_at	336	0.075320394652373	0.0701970443349753	0.0064268572644755	0.0064268572644755	195376.5	0.0200509638021092	1.697864747039929	48	0.04640365908488129	dev_gene_associated	distal
EOMES	other	lacuna_at	426	0.0745307507784308	0.0666666666666666	0.0056372133905332	0.0056372133905332	245650.0	0.0243921440346067	1.6127500241440602	49	0.05488232407786507	dev_gene_associated	distal
E2F4	architectural	lacuna_at	372	0.0739318539535309	0.0714285714285714	0.0050383165656333	0.0050383165656333	214869.5	0.0269832581074519	1.568905612386195	50	0.05673438103809807	architectural_universal	distal
NFYB	architectural	lacuna_at	634	0.0737869605373879	0.064516129032258	0.0048934231494904	0.0048934231494904	362293.0	0.0274188156963092	1.5619513076670584	51	0.05673438103809807	architectural_universal	distal
CREB1	architectural	lacuna_at	400	0.0741473840070104	0.0666666666666666	0.0052538466191128	0.0052538466191128	230604.0	0.0274902158688625	1.5608218498150357	52	0.05673438103809807	architectural_universal	distal
SOX2	pioneer	lacuna_at	512	0.0724887307265875	0.0666666666666666	0.00359519333869	0.00359519333869	293609.0	0.0280169782904188	1.5525787064008043	53	0.05673438103809807	germline_SSC_or_pluripotency	distal
MYB	other	lacuna_at	273	0.0744288275516923	0.0666666666666666	0.0055352901637947	0.0055352901637947	158776.5	0.0287867632151451	1.5408071644664156	54	0.05687141025431105	germline_late_active	distal
ATF1	architectural	lacuna_at	287	0.0759766563580523	0.0714285714285714	0.0070831189701548	0.0070831189701548	166621.5	0.0295687319778531	1.5291672993098344	55	0.05702541167157384	architectural_universal	distal
NFE2L2	other	lacuna_at	213	0.0740005886997276	0.074074074074074	0.0051070513118301	0.0051070513118301	124560.0	0.0320172622840216	1.494615806263505	56	0.060311587093156975	architectural_universal	distal
NKX2-5	other	lacuna_at	452	0.073303778310067	0.0666666666666666	0.0044102409221694	0.0044102409221694	259202.5	0.0336109524315958	1.4735191807787866	57	0.061874707885437724	somatic	distal
ATF2	architectural	lacuna_at	197	0.0758990689322378	0.0689655172413793	0.0070055315443403	0.0070055315443403	114626.0	0.0473907932274292	1.3243060220156797	59	0.08404404409859266	architectural_universal	distal
STAT3	diff_SPG	lacuna_at	372	0.0743540797134241	0.0689655172413793	0.0054605423255266	0.0054605423255266	213061.0	0.0477287164016699	1.3212202452308166	60	0.08404404409859266	germline_late_active	distal
NRF1	architectural	lacuna_at	839	0.073026747036676	0.0625	0.0041332096487784	0.0041332096487784	474190.5	0.0492939778958776	1.307206133995371	61	0.08495345126736352	architectural_universal	distal
GATA4	sertoli	lacuna_at	419	0.0727706064757442	0.0666666666666666	0.0038770690878467	0.0038770690878467	239083.0	0.0523797318255585	1.2808367294117082	62	0.08839079745562999	somatic	distal
MTF1	other	lacuna_at	173	0.0758555806759598	0.0666666666666666	0.0069620432880623	0.0069620432880623	100297.0	0.0669982603457044	1.1739364738972289	64	0.11075222628575626	architectural_universal	distal
ETV5	SSC	lacuna_at	297	0.0747789927471683	0.0666666666666666	0.0058854553592708	0.0058854553592708	169651.0	0.0727716125486691	1.1380380014255385	65	0.11789001232884394	germline_SSC_or_pluripotency	distal
ELK1	architectural	lacuna_at	304	0.0739722383892543	0.0666666666666666	0.0050787010013568	0.0050787010013568	173110.0	0.083648073552329	1.0775440565572618	66	0.13285282270075782	architectural_universal	distal
LEF1	other	lacuna_at	614	0.0711862025869878	0.0666666666666666	0.0022926651990903	0.0022926651990903	345111.0	0.0957828635472509	1.0187121833282855	70	0.14714063810971892	somatic	distal
FOXO1	SSC	lacuna_at	477	0.0714848223219809	0.064516129032258	0.0025912849340833	0.0025912849340833	268947.5	0.0962772076520383	1.0164765141479135	72	0.14714063810971892	germline_SSC_or_pluripotency	distal
GATA1	sertoli	lacuna_at	408	0.0715159604570198	0.064516129032258	0.0026224230691223	0.0026224230691223	230394.5	0.1002260787407173	0.9990192607085736	74	0.15033911811107595	somatic	distal
LHX1	SSC	lacuna_at	160	0.0752453021875011	0.0625	0.0063517647996035	0.0063517647996035	91877.0	0.1076475604368372	0.967995807928976	75	0.1585354980978875	dev_gene_associated	distal
STAT1	diff_SPG	lacuna_at	260	0.0730317408506469	0.0625	0.0041382034627494	0.0041382034627494	147074.0	0.1308481388229787	0.8832324503619584	76	0.18926248651180846	germline_late_active	distal
FOXP3	other	lacuna_at	580	0.07163563730531	0.064516129032258	0.0027420999174125	0.0027420999174125	323803.5	0.1477614723308517	0.8304387901315755	77	0.20997682910173665	somatic	distal
BARX1	neg_control	lacuna_at	326	0.071252645756401	0.0625	0.0023591083685035	0.0023591083685035	182427.5	0.1792141834392794	0.7466276222092908	78	0.2502818768720971	neg_control	distal
DMRT1	diff_SPG	lacuna_at	193	0.0701315730532073	0.0666666666666666	0.0012380356653098	0.0012380356653098	108682.5	0.1874653820015244	0.7270789188364192	79	0.2573677278326013	germline_SSC_or_pluripotency	distal
HSF2	pachytene	lacuna_at	74	0.0765394989224843	0.0647857889237199	0.0076459615345867	0.0076459615345867	42419.0	0.1985540449827891	0.7021212609757691	81	0.2680479607267653	germline_late_active	distal
GATA3	shared_GATA	lacuna_at	419	0.070097277126795	0.0625	0.0012037397388975	0.0012037397388975	232836.5	0.2143950509919432	0.6687852439405403	83	0.2846885103335639	somatic	distal
NRL	other	lacuna_at	127	0.0728017460080103	0.0714285714285714	0.0039082086201128	0.0039082086201128	71570.0	0.2255522185596102	0.6467528967708467	84	0.29467305973110364	dev_gene_associated	distal
PDX1	neg_control	lacuna_at	179	0.0713285981657397	0.0625	0.0024350607778421	0.0024350607778421	99695.5	0.2695088715724906	0.5694269343304367	85	0.3465114063074879	neg_control	distal
FOXL2	sertoli	lacuna_at	256	0.0702005164786255	0.0666666666666666	0.001306979090728	0.001306979090728	141743.0	0.2870155911211015	0.542094511091971	87	0.36325410751264403	somatic	distal
POU5F1	pioneer	lacuna_at	462	0.0710241651402056	0.0625	0.002130627752308	0.002130627752308	253794.0	0.3255035245300431	0.4874443045591934	88	0.40562746902974606	germline_SSC_or_pluripotency	distal
JUN	architectural	lacuna_at	118	0.070236290443868	0.0597147950089126	0.0013427530559704	0.0013427530559704	65135.5	0.3642477028800875	0.4386031784176785	90	0.44703127171647106	architectural_universal	distal
FOXA1	shared_FOX	lacuna_at	285	0.0689779404528222	0.0606060606060606	8.440306492468741e-05	8.440306492468741e-05	155778.0	0.4031779821747183	0.3945031930335586	97	0.48742412770376387	somatic	distal
GATA6	leydig	lacuna_at	317	0.0685198985426418	0.0625	-0.0003736388452556	-0.0003736388452556	172797.0	0.4282659102429471	0.3682864938560503	98	0.5101402754364517	somatic	distal
MEF2C	other	lacuna_at	167	0.068798362084433	0.0588235294117647	-9.517530346443703e-05	-9.517530346443703e-05	90904.5	0.4564514461664279	0.3406054126170321	99	0.535834306369285	somatic	distal
FOXC2	SSC	lacuna_at	240	0.0684368937468079	0.0615530303030303	-0.0004566436410896	-0.0004566436410896	130403.0	0.4669814511527722	0.330700369588027	100	0.5403642506196363	germline_SSC_or_pluripotency	distal
FOXA2	pioneer	lacuna_at	297	0.067643942949946	0.0588235294117647	-0.0012495944379515	-0.0012495944379515	160119.0	0.5464003094628849	0.2624890633565656	102	0.6233580995280799	somatic	distal
ATF4	other	lacuna_at	142	0.0682320843785834	0.0625	-0.0006614530093141	-0.0006614530093141	75626.0	0.6258379026122926	0.203538138222587	104	0.7032173651578615	architectural_universal	distal
POU3F1	SSC	lacuna_at	156	0.0663496109921137	0.0606060606060606	-0.0025439263957837	-0.0025439263957837	82991.0	0.639144355665446	0.1944010420159841	105	0.7032173651578615	germline_SSC_or_pluripotency	distal
GATA2	other	lacuna_at	205	0.0652802741881756	0.0625	-0.0036132631997219	-0.0036132631997219	109231.0	0.6424454940948364	0.1921637125382716	106	0.7032173651578615	somatic	distal
MEF2A	other	lacuna_at	190	0.0645404386379486	0.0555555555555555	-0.0043530987499488	-0.0043530987499488	99944.5	0.7360661183625998	0.1330831726865339	108	0.7949514078316078	somatic	distal
NKX6-1	neg_control	lacuna_at	283	0.0665558978906237	0.0571428571428571	-0.0023376394972738	-0.0023376394972738	149091.0	0.7596759917159904	0.119371598526638	110	0.8086261523984084	neg_control	distal
CDX2	neg_control	lacuna_at	295	0.067051526439974	0.0526315789473684	-0.0018420109479234	-0.0018420109479234	155230.5	0.7725244132299602	0.1120877871607	111	0.8086261523984084	neg_control	distal
ONECUT1	other	lacuna_at	98	0.0662325222698459	0.0588235294117647	-0.0026610151180515	-0.0026610151180515	50593.5	0.7786770356429118	0.1086426331125408	112	0.8086261523984084	somatic	distal
CRX	other	lacuna_at	233	0.0645932391048696	0.0606060606060606	-0.0043002982830278	-0.0043002982830278	121033.5	0.8363572277131549	0.0776081856142179	114	0.8575308284147537	dev_gene_associated	distal
CDX1	neg_control	lacuna_at	91	0.0594173073283544	0.0416666666666666	-0.009476230059543	-0.009476230059543	42657.5	0.98373727761251	0.0071208712005147	120	0.9895130636601762	neg_control	distal
PAX7	SSC	lacuna_at	97	0.0551925050476953	0.0454545454545454	-0.0137010323402021	-0.0137010323402021	45128.0	0.9895130636601762	0.0045784678162742	121	0.9895130636601762	germline_SSC_or_pluripotency	distal
